{"accuracy": 0.7036647839222383, "specificity": 0.8555964993090741, "sensitivity": 0.5019871598899419}