{"accuracy": 0.6241954551425194, "specificity": 0.9864117918010133, "sensitivity": 0.1433812289819627}