{"accuracy": 0.6642585051884934, "specificity": 0.6630584983878397, "sensitivity": 0.6658514215836135}