{"accuracy": 0.6693813214238802, "specificity": 0.7047443574389682, "sensitivity": 0.6224396209110363}