{"accuracy": 0.6755549717588336, "specificity": 0.7220175034546292, "sensitivity": 0.6138795475389789}